outcome,family,coef,se,lb,ub,pval,N,iqr_effect,sd_effect
Population growth,rate,-.0019037994142394,.00083651504,-.0035667364,-.00024086249,.025338748,1044,-.20553418,-.14428331
IRS net migration,rate,-.0564774380120854,.026796203,-.10974652,-.0032083506,.037970893,1044,-6.0973039,-4.2802577
QCEW employment,log,-.0001690810107741,.000057598874,-.00028358379,-.000054578235,.0042706407,1131,-.018253984,-.012814148
Permit units,log,-.0020510189949434,.00049988582,-.0030447592,-.0010572788,.000092366798,1131,-.22142799,-.15544064
Construction estabs,log,-.0002330303581076,.000090557602,-.00041305291,-.000053007807,.011788,1131,-.025157955,-.017660679
Construction GDP,log,-.000642918029098,.0002609338,-.0011616373,-.00012419881,.015734043,1095,-.069409423,-.048724853
Corn yield,log,-.000685783087508,.00010285932,-.00089040305,-.00048116312,2.8128129e-09,913,-.074037135,-.051973466
Soy yield,log,-.0006098257625384,.000075921176,-.00076088507,-.00045876644,6.4872582e-12,910,-.065836787,-.046216886
