crop,spec,coef,se,lb,ub,pval,N
Corn,Contemporaneous,-.000685783087508,.00010285932,-.00089040305,-.00048116312,2.8128129e-09,913
Corn,Lag 1,-.0002660266763574,.00010866483,-.00048219564,-.000049857721,.01649313,841
Corn,3-year avg,-.0006579758616798,.00017475044,-.0010056102,-.00031034157,.00031179684,768
Soy,Contemporaneous,-.0006098257625384,.000075921176,-.00076088507,-.00045876644,6.4872582e-12,910
Soy,Lag 1,-.0003133286199441,.000098737386,-.00050978502,-.0001168722,.002130179,836
Soy,3-year avg,-.0005467006251062,.00015882058,-.00086270378,-.00023069748,.00091537042,763
